db.name,hardware.name,hardware.num_servers,batch_size,time_ms
large_64b,cpu_dram,16,1,45.08181333333333
large_64b,cpu_dram,16,2,45.08181333333333
large_64b,cpu_dram,16,4,45.08181333333333
large_64b,cpu_dram,16,8,45.08181333333333
large_64b,cpu_dram,16,16,45.08181333333333
large_64b,cpu_dram,16,32,64.36848
large_64b,cpu_dram,16,64,128.237568
large_64b,cpu_dram,16,128,256.475136
large_64b,cpu_dram,16,256,512.950272
large_64b,cpu_dram,32,1,22.540906666666665
large_64b,cpu_dram,32,2,22.540906666666665
large_64b,cpu_dram,32,4,22.540906666666665
large_64b,cpu_dram,32,8,22.540906666666665
large_64b,cpu_dram,32,16,22.540906666666665
large_64b,cpu_dram,32,32,32.18424
large_64b,cpu_dram,32,64,64.118784
large_64b,cpu_dram,32,128,128.237568
large_64b,cpu_dram,32,256,256.475136
small_100k,cpu_dram,1,1,8.548693333333334
small_100k,cpu_dram,1,2,8.548693333333334
small_100k,cpu_dram,1,4,8.548693333333334
small_100k,cpu_dram,1,8,8.548693333333334
small_100k,cpu_dram,1,16,8.548693333333334
small_100k,cpu_dram,1,32,12.303360000000001
small_100k,cpu_dram,1,64,24.600576
small_100k,cpu_dram,1,128,49.201152
small_100k,cpu_dram,1,256,98.402304
