model.name,model.stage,model.dec_steps,model.seq_len_inference_prefill,hardware.name,hardware.num_chips,batch_size,time_ms
sbert_120M,prefill,1,128,B100,1,1,0.0223846435546875
sbert_120M,prefill,1,128,B100,1,2,0.029188156127929688
sbert_120M,prefill,1,128,B100,1,4,0.04279518127441406
sbert_120M,prefill,1,128,B100,1,8,0.07000923156738281
sbert_120M,prefill,1,128,B100,1,16,0.12443733215332031
sbert_120M,prefill,1,128,B100,1,32,0.2332935333251953
sbert_120M,prefill,1,128,B100,1,64,0.4510059356689453
sbert_120M,prefill,1,128,B100,1,128,0.8864307403564453
sbert_120M,prefill,1,128,B100,2,1,0.022736368815104165
sbert_120M,prefill,1,128,B100,2,2,0.022736368815104165
sbert_120M,prefill,1,128,B100,2,4,0.029641606648763023
sbert_120M,prefill,1,128,B100,2,8,0.04345208231608073
sbert_120M,prefill,1,128,B100,2,16,0.07107303365071616
sbert_120M,prefill,1,128,B100,2,32,0.12631493631998697
sbert_120M,prefill,1,128,B100,2,64,0.23679874165852863
sbert_120M,prefill,1,128,B100,2,128,0.45776635233561197
sbert_120M,prefill,1,128,B100,2,256,0.8997015736897787
sbert_120M,prefill,1,128,B100,4,1,0.0234398193359375
sbert_120M,prefill,1,128,B100,4,2,0.0234398193359375
sbert_120M,prefill,1,128,B100,4,4,0.0234398193359375
sbert_120M,prefill,1,128,B100,4,8,0.030548507690429688
sbert_120M,prefill,1,128,B100,4,16,0.04476588439941406
sbert_120M,prefill,1,128,B100,4,32,0.07320063781738281
sbert_120M,prefill,1,128,B100,4,64,0.1300701446533203
sbert_120M,prefill,1,128,B100,4,128,0.2438091583251953
sbert_120M,prefill,1,128,B100,4,256,0.47128718566894534
sbert_120M,prefill,1,128,B100,4,512,0.9262432403564453
sbert_120M,prefill,1,128,H100_GPU,1,1,0.05200913373161764
sbert_120M,prefill,1,128,H100_GPU,1,2,0.06735678280101104
sbert_120M,prefill,1,128,H100_GPU,1,4,0.09805208093979781
sbert_120M,prefill,1,128,H100_GPU,1,8,0.1614072756950574
sbert_120M,prefill,1,128,H100_GPU,1,16,0.3116460100675965
sbert_120M,prefill,1,128,H100_GPU,2,1,0.053212584252450984
sbert_120M,prefill,1,128,H100_GPU,2,2,0.053212584252450984
sbert_120M,prefill,1,128,H100_GPU,2,4,0.0687636838426777
sbert_120M,prefill,1,128,H100_GPU,2,8,0.09986588302313114
sbert_120M,prefill,1,128,H100_GPU,2,16,0.16403487986172408
sbert_120M,prefill,1,128,H100_GPU,2,32,0.3159012184009298
sbert_120M,prefill,1,128,H100_GPU,4,1,0.05561948529411764
sbert_120M,prefill,1,128,H100_GPU,4,2,0.05561948529411764
sbert_120M,prefill,1,128,H100_GPU,4,4,0.05561948529411764
sbert_120M,prefill,1,128,H100_GPU,4,8,0.07157748592601103
sbert_120M,prefill,1,128,H100_GPU,4,16,0.10349348718979777
sbert_120M,prefill,1,128,H100_GPU,4,32,0.16929008819505742
sbert_120M,prefill,1,128,H100_GPU,4,64,0.32441163506759646
sbert_120M,prefill,1,128,H100_GPU,4,128,0.6411172747685572
sbert_120M,prefill,1,128,TPUv5p,1,1,0.06384122824367089
sbert_120M,prefill,1,128,TPUv5p,1,2,0.08260142652294303
sbert_120M,prefill,1,128,TPUv5p,1,4,0.1580288961769611
sbert_120M,prefill,1,128,TPUv5p,2,1,0.0650446787645042
sbert_120M,prefill,1,128,TPUv5p,2,2,0.0650446787645042
sbert_120M,prefill,1,128,TPUv5p,2,4,0.08400832756460971
sbert_120M,prefill,1,128,TPUv5p,2,8,0.1598426982602944
sbert_120M,prefill,1,128,TPUv5p,4,1,0.06745157980617088
sbert_120M,prefill,1,128,TPUv5p,4,2,0.06745157980617088
sbert_120M,prefill,1,128,TPUv5p,4,4,0.06745157980617088
sbert_120M,prefill,1,128,TPUv5p,4,8,0.08682212964794303
sbert_120M,prefill,1,128,TPUv5p,4,16,0.1634703024269611
sbert_120M,prefill,1,128,TPUv5p,4,32,0.32309438309123734
